side,order_size_btc,mean_bps,median_bps,p95_bps,book_too_thin_share
buy,0.1,0.0014872494138101478,0.0005857439173398999,0.0005871924047020134,0.02026841961106546
buy,0.5,0.001387540179865405,0.0005857438504254594,0.0005872575109098191,0.11562129097051037
buy,1.0,0.0010445965852607388,0.0005857438504254594,0.0005872575109098191,0.18460695699808272
buy,2.0,0.0008778680808052895,0.0005857406922558458,0.0005872657189634752,0.2725098146626495
buy,5.0,0.0010634149634196949,0.0005857269688910095,0.0006188899169584028,0.5600109559024925
buy,10.0,0.004612839366958195,0.0005862788132915519,0.01877008460843076,0.8350041084634346
sell,0.1,0.0018287483784859583,0.0005857745265062712,0.0005871790303817032,0.03684835204966676
sell,0.5,0.0011377670975942595,0.0005857745248014429,0.0005872072329669664,0.1272162877750388
sell,1.0,0.0007389191151770705,0.0005857438504254594,0.000587148413875117,0.2073587145074409
sell,2.0,0.0009609081039680718,0.0005857452228121069,0.0005872575092006748,0.3090112298000548
sell,5.0,0.0014485946788924506,0.0005858114481096846,0.0019133691072601934,0.6765269789098877
sell,10.0,0.010987549373598993,0.0005870402533685236,0.04705821602366412,0.9399433945037889
