,coef,nw_se,t_stat,p_value
intercept,30.0558,0.0642817,467.565,0
log_amihud_1h,8.6414,0.816121,10.5884,0
log_amihud_24h,-5.11393,1.13008,-4.5253,6.031e-06
log_amihud_168h,-2.77647,1.16327,-2.38677,0.0169969
log_rv_1h,-1.86788,0.570329,-3.27509,0.00105628
log_rv_24h,1.02306,0.231904,4.41159,1.02616e-05
log_rv_168h,-0.830836,0.479538,-1.73258,0.0831707
kyle_lambda_1h,2.90042,0.306987,9.44801,0
kyle_lambda_24h,6.857,0.750433,9.13739,0
kyle_lambda_168h,4.78428,0.688299,6.95089,3.62999e-12
ret_1h,0.0678266,0.105411,0.64345,0.519932
ret_24h,-0.755436,0.120067,-6.29179,3.13828e-10
ret_168h,0.0785999,0.0930108,0.845062,0.398076
hour_sin,-1.83611,0.0683086,-26.8797,0
hour_cos,1.06629,0.0728907,14.6286,0
hour_sin2,-0.962447,0.0590012,-16.3123,0
hour_cos2,-0.0107612,0.0592799,-0.181533,0.855949
is_weekend,0.543796,0.0804375,6.76049,1.3753e-11
oib_1h,-0.233275,0.0831287,-2.80619,0.00501318
oib_24h,-0.0750487,0.107971,-0.695082,0.487004
abnormal_volume,1.04516,0.498879,2.09502,0.0361692
log_avg_trade_btc,-0.685905,0.243584,-2.81589,0.00486419
log_range,2.72761,0.20079,13.5844,0
