variable,horizon,ar1_level,ar1_deviation,half_life_level_hours,half_life_deviation_hours,ar1_t_stat,ar1_abs_return
log_amihud,5m,0.842485,0.368969,0.337004,0.0579336,,
kyle_lambda,5m,0.153889,0.0711455,0.0308638,0.0218546,,
log_rv,5m,0.666451,0.524102,0.142346,0.0894058,,
return_bps,5m,-0.028391,,,,-27.2323,0.396674
log_amihud,15m,0.931059,0.524118,2.42587,0.26823,,
kyle_lambda,15m,0.360874,0.181049,0.170018,0.101397,,
log_rv,15m,0.804558,0.67416,0.796859,0.439493,,
return_bps,15m,-0.0106262,,,,-5.88443,0.378391
log_amihud,1h,0.961613,0.595202,17.7079,1.33592,,
kyle_lambda,1h,0.526689,0.277384,1.08111,0.540529,,
log_rv,1h,0.826986,0.681761,3.64877,1.80942,,
return_bps,1h,-0.0260767,,,,-7.21928,0.300345
log_amihud,4h,0.968929,0.525736,87.8403,4.31225,,
kyle_lambda,4h,0.621028,0.285547,5.82014,2.21215,,
log_rv,4h,0.784827,0.566561,11.4432,4.87986,,
return_bps,4h,-0.0223308,,,,-3.08973,0.239675
log_amihud,1d,0.981487,0.656694,890.267,39.5578,,
kyle_lambda,1d,0.788198,0.551553,69.8955,27.9581,,
log_rv,1d,0.759834,0.580332,60.5687,30.5713,,
return_bps,1d,-0.0627218,,,,-3.54142,0.168661
