horizon,year,M2_base_linear,M3_base_boost,T1_tech_linear,T2_tech_boost,C1_combined_linear
5m,2021,0.0642965,0.200636,-0.00178982,0.473779,0.037965
5m,2022,0.0106618,-0.00437137,-0.0614666,0.0165687,-0.00923271
5m,2023,0.0405855,-0.605951,-0.021774,-0.0131475,0.0150408
5m,2024,-0.0534798,0.0694171,-0.0385401,0.06607,-0.04652
5m,2025,-0.0503792,-0.0969141,-0.0420015,0.189464,-0.0545954
5m,2026,-0.0412323,-0.0233404,0.0209138,0.0752099,-0.00643607
15m,2021,0.0150623,0.0229957,-0.0192177,0.325067,-0.0383474
15m,2022,-0.093566,-0.184881,-0.112131,0.00374652,-0.169327
15m,2023,-0.10132,-0.0606151,-0.0382267,0.150018,-0.125754
15m,2024,-0.0515043,0.00120394,-0.0100956,0.0960913,-0.0854805
15m,2025,-0.0625461,-0.01663,-0.0621226,0.0732973,-0.134121
15m,2026,0.00149399,0.0590547,0.0100371,0.27002,-0.00013035
1h,2021,-0.243526,-0.959454,-0.208255,-0.0167635,-0.282956
1h,2022,-0.375388,-0.532055,-0.252375,-0.590986,-0.551431
1h,2023,0.00241908,-0.0324252,-0.119225,0.0100185,-0.165014
1h,2024,-0.0776583,-0.00169576,-0.103259,0.0412376,-0.0917972
1h,2025,-0.0158619,-0.0284531,-0.186942,-0.026048,0.017266
1h,2026,-0.022214,0.182144,-0.0475759,0.123088,-0.0809608
4h,2021,0.258819,0.130772,0.277991,-0.947874,1.20408
4h,2022,-0.545345,-0.156923,-0.514096,-0.318781,-1.22492
4h,2023,-0.539899,-1.52524,-0.611762,0.231226,-1.89342
4h,2024,-0.296749,-0.429643,0.601719,0.174608,0.292217
4h,2025,-0.641705,-1.25912,-0.67169,-0.64935,-1.6693
4h,2026,-0.149113,-0.113066,-0.397655,-2.86645,-1.05005
1d,2021,-0.0646184,0.155094,-1.29559,-0.260156,-0.663222
1d,2022,-2.66675,-0.556944,-0.899956,-0.611029,-3.25609
1d,2023,-1.65743,-1.27487,-0.649147,-1.03401,-10.9807
1d,2024,1.32506,-1.52254,-0.374889,-1.0142,-1.2563
1d,2025,-1.17717,-0.668205,-2.88289,-2.49724,-5.00424
1d,2026,0.0363163,-1.27433,1.01051,-0.704859,1.65971
