zone,horizon,share_of_bars,mean_next_return_bps,t_stat
RSI<30 (oversold),5m,0.0322465,1.15045,4.55319
RSI 30-70,5m,0.932888,-0.0190926,-0.891742
RSI>70 (overbought),5m,0.0348659,-0.01457,-0.0793359
%B<0 (below band),5m,0.0530108,0.850801,5.42769
%B 0-1,5m,0.895934,-0.00194046,-0.0876109
%B>1 (above band),5m,0.0510554,-0.481526,-3.72771
RSI<30 (oversold),15m,0.0377884,1.33975,2.05841
RSI 30-70,15m,0.919078,-0.0431013,-0.678978
RSI>70 (overbought),15m,0.0431332,1.08461,2.53127
%B<0 (below band),15m,0.0544847,0.922473,2.07551
%B 0-1,15m,0.891347,-0.0190621,-0.291785
%B>1 (above band),15m,0.0541684,0.452784,1.26945
RSI<30 (oversold),1h,0.0491452,-0.0294236,-0.0153963
RSI 30-70,1h,0.889769,0.0476251,0.187025
RSI>70 (overbought),1h,0.0610857,2.92754,2.34451
%B<0 (below band),1h,0.0572491,2.18893,1.54415
%B 0-1,1h,0.88404,-0.0491822,-0.186618
%B>1 (above band),1h,0.0587107,2.34923,1.93019
RSI<30 (oversold),4h,0.0527252,-2.6484,-0.365726
RSI 30-70,4h,0.869233,0.349895,0.353334
RSI>70 (overbought),4h,0.0780416,10.1364,2.68784
%B<0 (below band),4h,0.0589497,-10.7583,-1.7702
%B 0-1,4h,0.874464,0.535419,0.530849
%B>1 (above band),4h,0.0665865,16.8436,4.36177
RSI<30 (oversold),1d,0.043136,23.1419,0.523865
RSI 30-70,1d,0.85296,0.791113,0.12529
RSI>70 (overbought),1d,0.103904,37.4205,2.0379
%B<0 (below band),1d,0.0443955,-31.3188,-0.705769
%B 0-1,1d,0.887594,6.34878,1.03093
%B>1 (above band),1d,0.0680101,19.3568,0.825849
