hour_utc,kyle_lambda_bps_per_100btc,t_stat,r_squared,n_minutes
0,25.85325337,36.32789935,0.2610503071,60600
1,25.83650432,19.49483172,0.2799524574,60600
2,21.63582355,25.62747121,0.2543563248,60600
3,20.87914558,24.22785687,0.2393040102,60600
4,21.7489285,26.85308251,0.2597222863,60600
5,22.91456952,32.94461736,0.2605558876,60600
6,20.82396654,19.55348529,0.2568564615,60600
7,17.11058262,11.05714102,0.2228087661,60574
8,19.08016786,12.86324222,0.2324733062,60540
9,20.95048034,19.95795286,0.2515496964,60540
10,21.47622949,37.06634667,0.2563177443,60540
11,21.25381722,24.78831944,0.2383225512,60540
12,26.07688646,24.89004534,0.3083446264,60540
13,22.77714918,21.46637116,0.2441257307,60540
14,24.85328245,28.99183184,0.2600320838,60540
15,22.78762333,25.52223496,0.2413627873,60540
16,22.35661304,29.03740877,0.2322659052,60540
17,21.78154745,14.641543,0.2249330511,60540
18,23.71345855,25.42171504,0.2395581662,60540
19,23.62274012,26.92075304,0.2405638394,60540
20,27.94201261,22.40654616,0.2792917324,60540
21,27.77830475,10.35584316,0.274211074,60540
22,28.12799368,19.84252414,0.3201145508,60540
23,21.17742179,12.5104478,0.2160309273,60540
