quarter,pin,alpha,delta,mu,epsilon_buy,epsilon_sell,n_days,converged,boundary_flag
2017Q4,0.3301353824580563,0.2826103531590317,3.1180287668801836e-10,50328.891407151226,7773.803357156177,21086.46720922523,92,True,True
2018Q1,0.17075837473193514,0.4777663980480511,1.0,111736.8082177223,153391.6340688753,105853.69786719028,90,True,True
2018Q2,0.08593923002865782,0.3516526157628209,0.6250068605211002,58454.16602798592,117606.56250582064,101025.03737390434,91,True,False
2018Q3,0.09472781569386902,0.4347896654672233,0.0,44639.75611923272,90721.56973994245,94760.8185147075,92,True,True
2018Q4,0.18563597588416855,0.36956345911622845,9.401020611277876e-11,101539.02984302049,65977.75836536232,98640.67615967077,92,True,True
2019Q1,0.0364636550097521,0.11111259523169427,0.3000069095793639,64658.27864352242,99675.07988795674,90168.24527551606,90,True,False
2019Q2,0.16021830497402334,0.3406592913609102,7.066325959036181e-91,189028.37880568285,144510.37019712417,193011.18964104052,91,True,True
2019Q3,0.10096833346400633,0.2826081577088442,0.07692638199412107,152064.51411726433,179263.4506018012,203387.12735789758,92,True,False
2019Q4,0.06813830023964051,0.18478155446315778,0.9411793689779453,149892.40507045807,206536.941083981,172252.97678077873,92,True,False
2020Q1,0.10700057039380725,0.21977566429215925,0.9999999919329065,326966.8014915331,334726.58691938,264993.1599292667,91,True,True
2020Q2,0.11197612926658473,0.3626316743106359,1.0,221385.03648605675,345965.831362533,290702.4114562881,91,True,True
2020Q3,0.1342698207574074,0.42390882861939155,1.0,265387.3175536073,403774.6753298727,321590.6220703123,92,True,True
2020Q4,0.18111398105095236,0.500011339853566,1.0,436509.8403489911,588173.7290470019,398663.15185941075,92,True,True
2021Q1,0.06048996355157504,0.29998812383314943,0.9629547839051878,453844.39851414127,1109859.1275754261,1004745.3259864734,90,True,False
2021Q2,0.08338478689573954,0.2857137454353674,0.9999999995119251,645092.1186730994,1079988.8568628284,946074.9019930454,91,True,True
2021Q3,0.11445678445565476,0.44565898052263275,6.733226737427235e-12,373521.7876184737,552810.1900165959,735103.6829273156,92,True,True
2021Q4,0.09710069891689073,0.39129763971038767,1.0,359806.3476246819,715136.5062395156,594024.3455698913,92,True,True
2022Q1,0.09376747089412021,0.34442901646260987,6.710391448270037e-10,313928.4227434474,460985.6591732953,584018.0075053528,90,True,True
2022Q2,0.08042766974911311,0.15385553153949194,0.14284008784191246,686272.1092463038,553793.6782187579,653435.9154841113,91,True,False
2022Q3,0.22421915526523284,0.7717399518570449,2.4602696231454938e-25,1514127.2591495481,1436067.898562822,2606894.495852061,92,True,True
2022Q4,0.07766002947740265,0.20655755008232488,0.9999998181072904,2034328.6210597206,2695996.6689278875,2294636.6498847995,92,True,True
2023Q1,0.2570605838902153,0.7000023622754666,8.284020480111681e-134,2687073.039933281,1772253.0362679998,3663965.256991252,90,True,True
2023Q2,0.11782433280155388,0.3956012370159551,2.097261728688932e-126,306754.6461793426,382978.8551825899,525613.0760131751,91,True,True
2023Q3,0.11707785151019831,0.38043578385671467,1.0,213767.917566107,329139.4503746713,284158.5572932205,92,True,True
2023Q4,0.11017464742090265,0.4456605929218868,1.0,323566.5210213651,637317.0821537032,527320.8183865355,92,True,True
2024Q1,0.13702582077534556,0.3736179601774255,3.092862754609953e-08,722266.8860598879,723323.3865708793,976175.320451307,91,True,True
2024Q2,0.11983740582435516,0.34067139533978685,0.9677329097780027,511595.35750794096,705981.1685367591,574086.0408149596,91,True,False
2024Q3,0.13847235413301448,0.31518123290398287,1.0,1028160.4555054259,1141013.3582492995,875157.759026715,92,True,True
2024Q4,0.1318936840773933,0.30438209334312016,1.0,2299904.8165624957,2597172.2530311155,2010460.735870845,92,True,True
2025Q1,0.17568062679616206,0.35554776814100114,1.0,2201942.822789793,2162034.6512003876,1511428.0023082206,90,True,True
2025Q2,0.12186763240270002,0.3187191339763916,5.265963406288013e-119,1237321.8440927186,1177621.076707552,1663975.5484752376,91,True,True
2025Q3,0.16304529547039806,0.510870229939626,0.9999999952698204,744321.035900714,1118051.1946158176,833880.3002170838,92,True,True
2025Q4,0.173461512194744,0.4782217862718259,1.0,1788612.515198221,2378013.0126351155,1697718.5794210192,92,True,True
2026Q1,0.12271607504026048,0.277801536788052,1.0,2205245.761500897,2458128.9898399203,1921429.7459750248,90,True,True
2026Q2,0.18226761795963975,0.4945125697296608,1.0,1186559.5052803569,1591377.1022571973,1041123.8447280348,91,True,True
2026Q3,0.21194176099967824,0.5761002314668777,5.386220459297407e-14,1041983.56899749,813422.9610108106,1418610.4731077494,92,True,True
