year,kyle_lambda_bps_per_100btc,kyle_r_squared,amihud_bps_per_musd,roll_spread_bps,abdi_ranaldo_spread_bps,vpin,realized_vol_ann,usd_volume_musd
2017,303.8843303,0.03444070284,19.38712913,21.99961022,17.8263356,0.3042598209,1.719685276,10.08967992
2018,26.55926655,0.208584901,0.891748383,4.247945024,4.002889665,0.1346410924,0.6904318786,242.3410311
2019,18.33142787,0.2059133662,0.5260415283,3.482199061,1.879385705,0.1201158837,0.5317787135,268.1195797
2020,14.66978176,0.2667763697,0.2274072186,2.910807514,0.8611620805,0.1035985738,0.5226049103,614.4966824
2021,23.52921204,0.1976016052,0.08385144374,3.501265809,1.152637091,0.08299898963,0.7395455262,2930.668118
2022,15.87637694,0.2990070619,0.05171291016,2.488008297,0,0.06016882952,0.5310516034,2663.686104
2023,16.87635555,0.3935464514,0.05976293076,1.576893575,0,0.1037243097,0.3573151259,1306.206257
2024,26.05905785,0.3396350315,0.07319149613,2.110888328,0,0.1208849535,0.4682031202,1921.331267
2025,25.02962758,0.2592398665,0.06317929021,1.865256799,0,0.1695991578,0.3686090934,1811.120137
2026,21.88720395,0.2289571218,0.1049209824,1.883635134,0,0.1751994272,0.3838168034,1232.80269
