lag_min,acf_r,acf_abs_r
1,-0.05802416216,0.4043829687
2,-0.00331217666,0.3612543375
3,-0.00607753226,0.3402580506
4,-0.002097298975,0.3288782463
5,-0.006687986478,0.3229747437
6,-0.005082099362,0.3145141282
7,-0.009891031155,0.3082225045
8,-0.003025710995,0.3019943746
9,-0.007385381253,0.2984757113
10,0.002222664268,0.2975456069
11,0.0004802835445,0.29465757
12,0.001233589432,0.2900662043
13,-0.003239749359,0.2877040355
14,0.001245264926,0.2874572718
15,0.001656506667,0.2847938066
16,0.003118875262,0.2819995689
17,-0.001293028618,0.2796131155
18,-0.001085285362,0.2768638544
19,-0.001137740945,0.2751686804
20,0.002488674254,0.2746263983
21,-0.001794916683,0.2721465518
22,-0.001063473699,0.2706927193
23,-0.003994946805,0.2690071702
24,-0.001043174121,0.2699835106
25,-0.001078388006,0.269543271
26,-0.0009144280608,0.2663001144
27,-0.002350605582,0.2667527792
28,-0.000262735191,0.2646159084
29,-0.0006830122295,0.2661812433
30,0.00255729968,0.2654980713
31,-0.0009891619057,0.2621793168
32,0.000696822422,0.2613349889
33,-0.002821778553,0.2585234028
34,0.0002855299927,0.2587803228
35,0.002087503941,0.2588805239
36,0.00121490983,0.2565476391
37,-0.00189522348,0.2550732179
38,0.0001767586869,0.2538725237
39,-0.0009905886237,0.252543459
40,0.001077888678,0.2517803478
41,-0.001288048291,0.2512425732
42,0.001065775766,0.2493013903
43,-0.0004087718735,0.2497031539
44,-0.0003919327566,0.2512481643
45,-0.0007015948187,0.2515054252
46,0.0003592698739,0.2484776931
47,-0.0005340965853,0.2472197113
48,-0.0005125551309,0.2460351174
49,0.0001267525274,0.2459997922
50,0.001907034402,0.2466026584
51,-0.002204533918,0.2449951996
52,0.0004789958786,0.2442627881
53,-0.0005342820386,0.2441139009
54,0.0006973883655,0.2438139838
55,-0.0007589114868,0.2440068408
56,0.001835818072,0.243157607
57,-0.001873238126,0.2423204825
58,0.0003104534374,0.2424988501
59,-0.003243603491,0.2434163984
60,0.003604937134,0.244288664
