lag_day,acf_r,acf_abs_r
1,-0.04713751915,0.1804071181
2,0.04241423352,0.1326499884
3,0.002116677678,0.1241612772
4,0.005024011901,0.1635977194
5,0.0280516899,0.1641189562
6,0.01331871412,0.1543840535
7,-0.005482234911,0.1566842931
8,-0.01625973306,0.1216231914
9,0.005290678962,0.101595844
10,0.03307737823,0.1087662054
11,-0.000704935841,0.1244447596
12,0.004090645161,0.1057757592
13,0.01304001248,0.09895935954
14,-0.00228638346,0.143411642
15,0.01517128425,0.1268804658
16,0.001734669871,0.115569645
17,0.02996970659,0.09595417519
18,0.009240363735,0.08474848076
19,0.015439893,0.07350690868
20,0.00927325324,0.09203512887
21,-0.01957016109,0.1392497294
22,-0.005467844288,0.06031318522
23,-0.03062950624,0.0944628298
24,0.01607098023,0.1002624735
25,0.02110837641,0.09518172138
26,0.001032835471,0.06900293918
27,0.008106585836,0.09423895453
28,0.007353928582,0.1022618599
29,-0.03204341617,0.08504602933
30,0.01131850966,0.06457435573
