time,log_return_1m,pct,close,btc_volume
2017-03-10 13:29:00+00:00,-0.09140980935,-8.735637563,1170,644.4642205
2017-03-10 21:03:00+00:00,-0.06800773537,-6.574675325,1151,826.3169237
2020-03-12 11:00:00+00:00,-0.05390866506,-5.248135589,6002,269.3771336
2017-05-22 19:54:00+00:00,-0.05342991234,-5.202762016,2095,561.2015352
2021-12-04 05:27:00+00:00,-0.05242011195,-5.106987379,42431.05,133.6452533
2017-03-10 21:05:00+00:00,-0.0495054199,-4.83,1046.87,893.3938977
2022-09-21 18:00:00+00:00,-0.04841498101,-4.726166329,18788,190.6685834
2020-05-10 00:20:00+00:00,-0.0460775387,-4.503208765,8206.66,318.7983023
2017-03-10 21:04:00+00:00,-0.04532094994,-4.430929626,1100,768.9549603
2020-03-13 02:13:00+00:00,-0.04215858261,-4.128226744,4014.41,51.29775442
2019-05-17 03:10:00+00:00,0.09995537416,10.51216,6907.01,150.9711505
2017-03-10 21:10:00+00:00,0.07774573224,8.084779898,1127,702.9432188
2017-03-10 21:09:00+00:00,0.06201621013,6.397959184,1042.7,842.2398774
2020-03-12 23:29:00+00:00,0.05831883497,6.005292378,5107.6,190.7974016
2017-03-10 13:30:00+00:00,0.05303835208,5.447008547,1233.73,493.8748246
2021-12-04 05:28:00+00:00,0.04883365114,5.004566232,44554.54,289.9176918
2021-07-26 01:01:00+00:00,0.04781978464,4.898159569,39399.99,222.3976773
2022-11-08 19:34:00+00:00,0.04646229724,4.755858248,18150,128.1182499
2020-03-13 02:19:00+00:00,0.04411741165,4.510505519,4200.11,116.2910929
2020-03-13 02:30:00+00:00,0.04284226306,4.377324026,4640,100.438246
