hour_utc,mean_abs_r_bp,mean_btc_volume,zero_volume_share
0,6.597388899,3.505007828,0.03752738226
1,5.994205818,3.136245763,0.04358798832
2,5.648662093,2.86688898,0.05083059511
3,5.30792408,2.667048777,0.05947882439
4,5.22110123,2.676456222,0.06304308142
5,5.161071042,2.770164356,0.06452628697
6,5.188623471,2.998980953,0.06124497992
7,5.310460314,3.451245988,0.05408908361
8,5.715253899,3.77636392,0.04696969697
9,5.652478807,3.854550927,0.04298101497
10,5.700021352,3.983698324,0.04049835706
11,5.846313633,4.073876133,0.03598028478
12,6.473751413,4.623229044,0.02965954728
13,7.003785301,5.344502003,0.02381799927
14,7.483900661,5.780587951,0.02017615918
15,7.223222583,5.423270525,0.01898959474
16,7.221642666,5.232530975,0.01829134721
17,6.562748936,4.390659309,0.02205184374
18,6.34725203,4.101996015,0.02315626141
19,6.318852362,4.155471516,0.02462121212
20,6.472371739,4.260002583,0.02687568456
21,6.237194214,3.618714673,0.03161737861
22,6.217691004,3.407839126,0.0338535962
23,6.056752515,3.318234058,0.03794724352
