year,first_close,last_close,min_low,max_high,mean_close,log_return,max_drawdown,ann_vol_1m,ann_vol_1d,kurtosis_1m,kurtosis_1d,btc_volume,usd_volume,mean_btc_per_min
2016,608.23,966.3,604.99,980.74,727.4482315,0.4629212451,-0.09797501308,0.6639778083,0.3568362251,20.68977057,4.38275363,428108.8961,322630297.5,3.23149831
2017,966.3,13880,751.34,19666,3948.333669,2.664729889,-0.4304819292,1.258938972,0.9293750492,49.76983224,2.796538487,4698752.659,2.17778915e+10,8.939788165
2018,13841.01,3693.3,3122.28,17234.99,7524.761978,-1.321115557,-0.8187146141,1.026588045,0.8461994069,18.39948578,1.933955278,3932327.01,3.074795963e+10,7.481596289
2019,3698,7168.36,3322.19,13880,7352.189603,0.6618847647,-0.5350241903,0.7908430312,0.7010339909,174.2933526,4.092855263,2994600.129,2.315915588e+10,5.697488829
2020,7159.64,28992.79,3850,29300,11074.62815,1.398587478,-0.6319047619,0.8379155296,0.8096090543,126.527068,51.53084216,3074321.045,3.32914449e+10,5.833183525
2021,29006.31,46214.37,27734,69000,47386.18074,0.4657773962,-0.5553501194,0.9698917639,0.8113359567,45.67844666,1.505189133,1802997.835,7.96539965e+10,3.430361178
2022,46241.12,16528,15479,48234,28228.6639,-1.028813533,-0.6785172135,0.6759270341,0.646254201,69.76015048,4.383673288,833815.346,2.266744829e+10,1.58640667
2023,16532,42258,16496,44729,28811.76045,0.9384957883,-0.2231513038,0.4207481039,0.4356541159,74.71100921,2.931954157,681687.3219,1.939710968e+10,1.296969791
2024,42268,93381,38505,108364,65895.12098,0.7926575998,-0.3280347996,0.540986241,0.5306401824,45.3936431,1.707768521,807909.8801,5.404059641e+10,1.532919475
2025,93395,87496,74434,126272,101639.9818,-0.06524473258,-0.3610402371,0.4479524038,0.4193983573,30.43103561,2.248688011,639945.8102,6.41772924e+10,1.217552911
2026,87491,83562.58,57734.63,97939,73090.17273,-0.0459401187,-0.4093380211,0.4443520847,0.4623592233,37.59593114,7.168906294,575191.1189,4.210027033e+10,1.463143872
